Company,Valuation ($B),Date Joined,Country,City,Industry,Select Investors
ByteDance,$225.00,7/04/2017,China,Beijing,Media & Entertainment,"Sequoia Capital China, SIG Asia Investments, Sina Weibo, SoftBank Group"
SpaceX,$200.00,1/12/2012,United States,Hawthorne,Industrials,"Founders Fund, Draper Fisher Jurvetson, Rothenberg Ventures"
OpenAI,$80.00,22/07/2019,United States,San Francisco,Enterprise Tech,Khosla Ventures
SHEIN,$66.00,3/07/2018,Singapore,,Consumer & Retail,"Tiger Global Management, Sequoia Capital China, Shunwei Capital Partners"
Stripe,$70.00,23/01/2014,United States,San Francisco,Financial Services,"Khosla Ventures, LowercaseCapital, capitalG"
Revolut,$45.00,26/04/2018,United Kingdom,London,Financial Services,"Index Ventures, DST Global, Ribbit Capital"
Databricks,$43.00,5/02/2019,United States,San Francisco,Enterprise Tech,"Andreessen Horowitz, New Enterprise Associates, Battery Ventures"
Canva,$25.40,8/01/2018,Australia,Surry Hills,Enterprise Tech,"Sequoia Capital China, Blackbird Ventures, Matrix Partners"
Epic Games,$22.50,26/10/2018,United States,Cary,Media & Entertainment,"Tencent Holdings, KKR, Smash Ventures"
Fanatics,$31.00,6/06/2012,United States,Jacksonville,Consumer & Retail,"SoftBank Group, Andreessen Horowitz, Temasek Holdings"
Chime,$25.00,5/03/2019,United States,San Francisco,Financial Services,"Forerunner Ventures, Crosslink Capital, Homebrew"
xAI,$24.00,26/05/2024,United States,Burlingame,Enterprise Tech,"Sequoia Capital, Andreessen Horowitz, VY Capital"
CoreWeave,$19.00,20/04/2023,United States,Roseland,Enterprise Tech,Magnetar Capital
Miro,$17.50,5/01/2022,United States,San Francisco,Enterprise Tech,"Accel, AltaIR Capital, Technology Crossover Ventures"
Xiaohongshu,$17.00,31/03/2016,China,Shanghai,Media & Entertainment,"GGV Capital, ZhenFund, Tencent"
Anthropic,$16.05,3/02/2023,United States,San Francisco,Enterprise Tech,Google
Yuanfudao,$15.50,31/05/2017,China,Beijing,Consumer & Retail,"Tencent Holdings, Warbug Pincus, IDG Capital"
DJI Innovations,$15.00,23/01/2015,China,Shenzhen,Industrials,"Accel Partners, Sequoia Capital"
Discord,$15.00,20/04/2018,United States,San Francisco,Media & Entertainment,"Benchmark, Greylock Partners, Tencent Holdings"
Gopuff,$15.00,8/10/2020,United States,Philadelphia,Consumer & Retail,"Accel, SoftBank Group, Anthos Capital"
Yuanqi Senlin,$15.00,1/03/2020,China,Beijing,Consumer & Retail,"Sequoia Capital China, Longfor Capitalm, Gaorong Capital"
Ripple,$15.00,20/12/2019,United States,San Francisco,Financial Services,"IDG Capital, Venture51, Lightspeed Venture Partners"
Anduril,$14.00,11/09/2019,United States,Irvine,Industrials,"Andreessen Horowitz, Founders Fund, Revolution Ventures"
Plaid,$13.50,11/12/2018,United States,San Francisco,Financial Services,"New Enterprise Associates, Spar Capital, Index Ventures"
Rippling,$13.50,4/08/2020,United States,San Francisco,Enterprise Tech,"Initialized Capital, Y Combinator, Kleiner Perkins Caufield & Byers"
OpenSea,$13.30,20/07/2021,United States,New York,Media & Entertainment,"Andreessen Horowitz, Thirty Five Ventures, Sound Ventures"
Celonis,$13.00,26/06/2018,Germany,Munich,Enterprise Tech,"Accel, 83North"
Scale,$13.80,5/08/2019,United States,San Francisco,Enterprise Tech,"Accel, Y Combinator, Index Ventures"
Grammarly,$13.00,10/10/2019,United States,San Francisco,Media & Entertainment,"General Catalyst, Institutional Venture Partners, Breyer Capital"
Devoted Health,$12.90,16/10/2018,United States,Waltham,Healthcare & Life Sciences,"Andreessen Horowitz, F-Prime Capital, Venrock"
Faire,$12.59,30/10/2019,United States,San Francisco,Consumer & Retail,"Khosla Ventures, Forerunner Ventures, Sequoia Capital"
Brex,$12.30,5/10/2018,United States,San Francisco,Enterprise Tech,"DST Global, Ribbit Capital, Greenoaks Capital Management"
JUUL Labs,$12.00,20/12/2017,United States,San Francisco,Consumer & Retail,Tiger Global Management
Wiz,$12.00,17/03/2021,Israel,Tel Aviv,Enterprise Tech,"Insight Partners, Sequoia Capital, Index Ventures"
Bitmain Technologies,$12.00,6/07/2018,China,Beijing,Enterprise Tech,"Coatue Management, Sequoia Capital China, IDG Capital"
GoodLeap,$12.00,13/10/2021,United States,Roseville,Financial Services,"New Enterprise Associates, BDT Capital Partners, Davidson Kempner Capital Management"
Xingsheng Selected,$12.00,22/07/2020,China,Changsha,Consumer & Retail,"KKR, Tencent Holdings, Sequoia Capital China"
Deel,$12.00,21/04/2021,United States,San Francisco,Enterprise Tech,"Andreessen Horowitz, Spark Capital, Y Combinator"
Airtable,$11.70,15/11/2018,United States,San Francisco,Enterprise Tech,"Caffeinated Capital, CRV, Founder Collective"
BYJU's,$11.50,25/07/2017,India,Bengaluru,Consumer & Retail,"Tencent Holdings, Lightspeed India Partners, Sequoia Capital India"
ZongMu Technology,$11.40,3/06/2021,China,Shanghai,Industrials,"LTW Capital, Legend Capital, Qualcomm Ventures"
Global Switch,$11.10,22/12/2016,United Kingdom,London,Enterprise Tech,"Aviation Industry Corporation of China, Essence Financial, Jiangsu Sha Steel Group"
Checkout.com,$11.00,2/05/2019,United Kingdom,London,Financial Services,"Tiger Global Management, Insight Partners, DST Global"
Bolt,$11.00,8/10/2021,United States,San Francisco,Financial Services,"Activant Capital, Tribe Capital, General Atlantic"
Alchemy,$10.20,28/10/2021,United States,San Francisco,Enterprise Tech,"DFJ Growth Fund, Coatue Management, Addition"
Huolala,$10.00,21/02/2019,China,Guangzhou,Industrials,"MindWorks Ventures, Shunwei Capital Partners, Xiang He Capital"
Gusto,$10.00,18/12/2015,United States,San Francisco,Financial Services,"General Catalyst Partners, Google Ventures, Kleiner Perkins Caufield & Byers"
Chehaoduo,$10.00,12/03/2016,China,Beijing,Consumer & Retail,"Sequoia Capital China, GX Capital"
Talkdesk,$10.00,3/10/2018,United States,San Francisco,Enterprise Tech,"DJF, Salesforce Ventures, Storm Ventures"
Notion,$10.00,1/04/2020,United States,San Francisco,Enterprise Tech,"Index Ventures, Draft Ventures, Felicis Ventures"
Digital Currency Group,$10.00,1/11/2021,United States,New York,Financial Services,"Ribbit Capital, capitalG, Softbank Group"
KuCoin,$10.00,10/05/2022,Seychelles,Victoria,Financial Services,"IDG Capital, Matrix Partners China, Jump Crypto"
ServiceTitan,$9.50,14/11/2018,United States,Glendale,Industrials,"Bessemer Venture Partners, ICONIQ Capital, Battery Ventures"
HEYTEA,$9.28,1/07/2019,China,Shenzhen,Consumer & Retail,"Sequoia Capital China, Tencent Investment, BA Capital"
N26,$9.23,10/01/2019,Germany,Berlin,Financial Services,"Redalpine Venture Partners, Earlybird Venture Capital, Valar Ventures"
Navan,$9.20,8/11/2018,United States,Palo Alto,Enterprise Tech,"Andreessen Horowitz, Lightspeed Venture Partners, Zeev Ventures"
VAST Data,$9.10,16/04/2020,United States,New York,Enterprise Tech,"Norwest Venture Partners, Goldman Sachs, Dell Technologies Capital"
Northvolt,$9.08,12/06/2019,Sweden,Stockholm,Industrials,"Vattenfall, Volkswagen Group, Goldman Sachs"
Tanium,$9.00,31/03/2015,United States,Kirkland,Enterprise Tech,"Andreessen Horowitz, Nor-Cal Invest, TPG Growth"
Niantic,$9.00,24/11/2017,United States,San Francisco,Media & Entertainment,"Nintendo, Google, Pokemon Company International, Spark Capital"
OYO Rooms,$9.00,25/09/2018,India,Gurugram,Consumer & Retail,"SoftBank Group, Sequoia Capital India, Lightspeed India Partners"
Rapyd,$8.75,3/12/2019,United Kingdom,London,Financial Services,"Target Global, General Catalyst, Durable Capital Partners"
Kavak,$8.70,1/10/2020,Mexico,Lerma de Villada,Industrials,"DST Global, SoftBank Group, Mountain Nazca"
Nuro,$8.60,11/02/2019,United States,Mountain View,Industrials,"SoftBank Group, Greylock Partners, Gaorong Capital"
Chainalysis,$8.60,23/11/2020,United States,New York,Financial Services,"Addition, Benhcmark, Accel"
Pony.ai,$8.60,11/07/2018,United States,Fremont,Industrials,"Sequoia Capital China, IDG Capital, DCM Ventures"
Personio,$8.50,19/01/2021,Germany,Munich,Enterprise Tech,"Global Founders Capital, Nortzone Ventures, Picus Capital"
SumUp,$8.50,16/07/2019,United Kingdom,London,Financial Services,"American Express Ventures, Goldman Sachs, Bain Capital Credit"
Bolt,$8.40,29/05/2018,Estonia,Tallinn,Industrials,"Didi Chuxing, Diamler, TMT Investments"
Tipalti,$8.30,6/10/2020,United States,San Mateo,Enterprise Tech,"01 Advisors, Zeev Ventures, Group 11"
Swiggy,$8.00,21/06/2018,India,Bengaluru,Consumer & Retail,"Accel India, SAIF Partners, Norwest Venture Partners"
Dream11,$8.00,9/04/2019,India,Mumbai,Media & Entertainment,"Kaalari Capital, Tencent Holdings, Steadview Capital"
Fireblocks,$8.00,27/07/2021,United States,New York,Financial Services,"Tenaya Capital, Coatue Management, Stripes Group"
Flexport,$8.00,30/04/2018,United States,San Francisco,Industrials,"Bloomberg Beta, Founders Fund, First Round Capital"
FalconX,$8.00,10/08/2021,United States,San Mateo,Financial Services,"Tiger Global Management, American Express Ventures, B Capital Group"
Caris,$7.83,12/05/2021,United States,Irving,Healthcare & Life Sciences,"Sixth Street Partners, OrbiMed Advisors, Highland Capital Management"
Ramp,$7.65,29/03/2021,United States,New York,Enterprise Tech,"D1 Capital Partners, Stripe, Coatue Management"
Dapper Labs,$7.60,30/03/2021,Canada,Vancouver,Media & Entertainment,"Union Square Ventures, Venrock, Andreessen Horowitz"
Netskope,$7.50,13/11/2018,United States,Santa Clara,Enterprise Tech,"Lightspeed Venture Partners, Social Capital, Accel"
Razorpay,$7.50,11/10/2020,India,Bengaluru,Financial Services,"Sequoia Capital India, Tiger Global Management, Matrix Partners India"
Automattic,$7.50,27/05/2013,United States,San Francisco,Media & Entertainment,"Insight Venture Partners, Lowercase Capital, Polaris Partners"
Carta,$7.40,6/05/2019,United States,San Francisco,Financial Services,"Menlo Ventures, Spark Capital, Union Square Ventures"
Snyk,$7.40,21/01/2020,United States,Boston,Enterprise Tech,"BOLDstart Ventures, Google Ventures, Accel"
Gong,$7.25,12/08/2020,United States,Palo Alto,Enterprise Tech,"Norwest Venture Partners, Next World Capital, Wing Venture Capital"
Gemini,$7.10,19/11/2021,United States,New York,Financial Services,"Morgan Creek Digital, Marcy Venture Partners, 10T Fund"
Blockchain.com,$7.00,17/02/2021,United Kingdom,London,Financial Services,"Lightspeed Venture Partners, Google Ventures, Lakestar"
Toss,$7.00,9/12/2018,South Korea,Seoul,Financial Services,"Bessemer Venture Partners, Qualcomm Ventures, Kleiner Perkins Caufield & Byers"
We Doctor,$7.00,22/09/2015,China,Hangzhou,Healthcare & Life Sciences,"Tencent, Morningside Group"
Ro,$7.00,27/07/2020,United States,New York,Healthcare & Life Sciences,"Initialized Capital, General Catalyst, SignalFire"
ConsenSys,$7.00,17/11/2021,United States,New York,Enterprise Tech,"Third Point, Electric Capital, Coinbase Ventures"
Automation Anywhere,$6.80,2/07/2018,United States,San Jose,Enterprise Tech,"General Atlantic, Goldman Sachs, New Enterprise Associates"
1Password,$6.80,8/07/2021,Canada,Toronto,Enterprise Tech,"Slack Fund, Accel, Skip Capital"
Klarna,$6.70,12/12/2011,Sweden,Stockholm,Financial Services,"Institutional Venture Partners, Sequoia Capital, General Atlantic"
Ziroom,$6.60,17/01/2018,China,Beijing,Consumer & Retail,"Sequoia Capital China, Warburg Pincus, General Catalyst"
SVOLT,$6.51,8/06/2020,China,Changzhou,Industrials,"IDG Capital, Bank Of China Group Investment,, SDIC CMC Investment Management"
National Stock Exchange of India,$6.50,1/07/2020,India,Mumbai,Financial Services,"TA Associates, SoftBank Group, GS Growth"
Mollie,$6.50,8/09/2020,Netherlands,Amsterdam,Financial Services,Technology Crossover Ventures
Doctolib,$6.40,19/03/2019,France,Paris,Healthcare & Life Sciences,"BPI France, Kerala Ventures, Accel"
CRED,$6.40,6/04/2021,India,Bengaluru,Financial Services,"Tiger Global Management, DST Global, Sequoia Capital India"
DataRobot,$6.30,29/07/2019,United States,Boston,Enterprise Tech,"New Enterprise Associates, Accomplice, IA Ventures"
Upgrade,$6.28,12/02/2018,United States,San Francisco,Financial Services,"Union Square Ventures, Ribbit Capital, VY Capital"
Mistral AI,$6.22,10/12/2023,France,Paris,Enterprise Tech,"Lightspeed Venture Partners, General Catalyst, Andreessen Horowitz"
Hinge Health,$6.20,6/01/2021,United States,San Francisco,Healthcare & Life Sciences,"Atomico, Insight Partners, Coatue Management"
Black Unicorn Factory,$6.10,20/05/2021,United States,Los Angeles,Enterprise Tech,Barter Ventures
Benchling,$6.10,14/04/2021,United States,San Francisco,Healthcare & Life Sciences,"Thrive Capital, Benchmark, MenloVentures"
Grafana Labs,$6.00,25/03/2021,United States,New York,Enterprise Tech,"Lightspeed Venture Partners, Lead Edge Capital, Coatue Management"
Applied Intuition,$6.00,22/10/2020,United States,Sunnyvale,Industrials,"Andreessen Horowitz, Lux Capital, General Catalyst"
Commure,$6.00,16/09/2021,United States,San Francisco,Healthcare & Life Sciences,"General Catalyst, HCA Healthcare"
Royole Corporation,$6.00,18/08/2015,China,Shenzhen,Industrials,"Warmsun Holding, IDG Capital Partners"
iCapital Network,$6.00,27/07/2021,United States,New York,Financial Services,"BlackRock, Blackstone, UBS"
6Sense,$5.20,30/03/2021,United States,San Francisco,Enterprise Tech,"Venrock, Battery Ventures, Insight Partners"
Attentive,$5.99,23/09/2020,United States,Hoboken,Enterprise Tech,"NextView Ventures, Eniac Ventures, Sequoia Capital"
Easyhome,$5.78,12/02/2018,China,Beijing,Consumer & Retail,"Alibaba Group, Boyu Capital, Borui Capital"
Lianjia,$5.77,7/04/2016,China,Beijing,Financial Services,"Tencent, Baidu, Huasheng Capital"
Workato,$5.70,12/01/2021,United States,Mountain View,Enterprise Tech,"Battery Ventures, Storm Ventures, Redpoint Ventures"
Back Market,$5.70,18/05/2021,France,Paris,Consumer & Retail,"Aglae Ventures, Eurazeo, Daphni"
RELEX,$5.70,17/02/2022,Finland,Helsinki,Consumer & Retail,"Blackstone, Technology Crossover Ventures, Summit Partners"
The Boring Company,$5.70,20/04/2022,United States,Pflugerville,Industrials,"VY Capital, 8VC, Craft Ventures"
Postman,$5.60,11/06/2020,United States,San Francisco,Enterprise Tech,"Nexus Venture Partners, CRV, Insight Partners"
FiveTran,$5.60,30/06/2020,United States,Oakland,Enterprise Tech,"Matrix Partners, Andreessen Horowitz, General Catalyst"
ContentSquare,$5.60,25/05/2021,France,Paris,Enterprise Tech,"Highland Europe, Eurazeo, Canaan Partners"
Helsing,$5.37,14/09/2023,Germany,Munchen,Enterprise Tech,
Trade Republic,$5.36,20/05/2021,Germany,Berlin,Financial Services,"Founders Fund. Accel, Creandum"
Rappi,$5.25,31/08/2018,Colombia,Bogota,Consumer & Retail,"DST Global, Andreessen Horowitz, Sequoia Capital, Redpoint e.ventures"
Collibra,$5.25,29/01/2019,Belgium,Brussels,Enterprise Tech,"Index Ventures, Battery Ventures, ICONIQ Capital"
OneTrust,$4.50,11/07/2019,United States,Atlanta,Enterprise Tech,Insight Partners
QuintoAndar,$5.10,9/09/2019,Brazil,Campinas,Financial Services,"Kaszek Ventures, General Atlantic, SoftBank Group"
Monzo,$5.20,31/10/2018,United Kingdom,London,Financial Services,"Passion Capital, Thrive Capital, Orange Digital Ventures"
C6 Bank,$5.05,2/12/2020,Brazil,Sao Paulo,Financial Services,Credit Suisse
Safe Superintelligence,$5.00,4/09/2024,United States,San Francisco,Enterprise Tech,"Sequoia Capital, DST Global, Andreessen Horowitz"
Redwood Materials,$5.00,28/07/2021,United States,Carson City,Industrials,"Breakthrough Energy Ventures, Capricorn Investment Group, Valor Equity Partners"
Abnormal Security,$5.10,10/05/2022,United States,San Francisco,Enterprise Tech,"Greylock Partners, Insight Partners,Menlo Ventures"
Hello TransTech,$5.00,1/06/2018,China,Shanghai,Industrials,"Ant Financial Services Group, GGV Capital"
Airwallex,$5.50,25/03/2019,Australia,Melbourne,Financial Services,"DST Global, Sequoia Capital China, Tencent Holdings"
Mambu,$5.50,6/01/2021,Netherlands,Amsterdam,Financial Services,"Runa Capital, Acton Capital Partners, Point Nine Capital"
Horizon Robotics,$5.00,27/02/2019,China,Beijing,Industrials,"Hillhouse Capital Management, Linear Venture, Morningside Venture Capital"
Howden Group Holdings,$5.00,29/09/2020,United Kingdom,London,Insurance,"General Atlantic, 3i Group, Huagai Capital"
SambaNova Systems,$5.00,13/04/2021,United States,Palo Alto,Enterprise Tech,"Walden International, Google Ventures, Intel Capital"
ZEPZ,$5.00,23/08/2021,United Kingdom,London,Financial Services,"Accel, Technology Crossover Ventures, LeapFrog Investments"
OakNorth Bank,$5.00,12/10/2017,United Kingdom,London,Financial Services,"Clermont Group, Coltrane Asset Management, Toscafund Asset Management"
Moon Active,$5.00,26/01/2020,Israel,Tel Aviv,Media & Entertainment,"Insight Partners, Andalusian Capital Partners"
OfBusiness,$5.00,31/07/2021,India,Gurgaon,Industrials,"Matrix Partners India, Falcon Edge Capital, SoftBank Group"
Cockroach Labs,$5.00,12/01/2021,United States,New York,Enterprise Tech,"Google Ventures, Benchmark, FirstMark Capital"
Pine Labs,$5.00,24/01/2020,India,Noida,Financial Services,"Sequoia Capital India, Temasek, PayPal Ventures"
Qonto,$5.00,11/01/2022,France,Paris,Enterprise Tech,"Alven Capital, Valar Ventures, Tencent Holdings"
Ola Electric Mobility,$5.50,2/07/2019,India,Bengaluru,Industrials,"SoftBank Group, Tiger Global Management, Matrix Partners India"
Icertis,$5.00,17/07/2019,United States,Bellevue,Enterprise Tech,"Eight Roads Ventures, Greycroft, Ignition Partners"
Hopper,$5.00,24/03/2021,Canada,Montreal,Consumer & Retail,"Capital One Growth Ventures, Citi Ventures, OMERS Ventures"
VerSe Innovation,$5.00,22/12/2020,India,Bengaluru,Media & Entertainment,"Falcon Edge Capital, Omidyar Network, Sequoia Capital India"
Lenskart,$5.00,20/12/2019,India,Faridabad,Consumer & Retail,"Chiratae Ventures, PremjiInvest, Softbank"
ShareChat,$5.00,8/04/2021,India,Bengaluru,Media & Entertainment,"India Quotient, Elevation Capital, Lightspeed Venture Partners"
Coalition,$5.00,17/03/2021,United States,San Francisco,Insurance,"Two Sigma Ventures, Flint Capital, Commerce Ventures"
Zepto,$4.94,25/08/2023,India,Mumbai,Consumer & Retail,"Nexus Venture Partners, Contrary, Global Founders Capital"
Meesho,$3.50,5/04/2021,India,Bengaluru,Consumer & Retail,"Venture Highway, Sequoia Capital India, Prosus Ventures"
Cerebral,$4.80,10/06/2021,United States,San Francisco,Healthcare & Life Sciences,"Oak HC/FT Partners, Artis Ventures, WestCap Group"
Reify Health,$4.80,10/08/2021,United States,Boston,Healthcare & Life Sciences,"Sierra Ventures, Battery Ventures, Asset Management Ventures"
Chipone,$4.73,16/12/2021,China,Beijing,Industrials,"China Grand Prosperity Investment, Silk Road Huacheng, Oriza Equity Investment"
BetterUp,$4.70,25/02/2021,United States,San Francisco,Enterprise Tech,"Threshold Ventures, Lightspeed Venture Partners, Crosslink Capital"
Pleo,$4.70,6/07/2021,Denmark,Copenhagen,Enterprise Tech,"Creandum, Founders, Kinnevik"
SonarSource,$4.70,26/04/2022,Switzerland,Geneva,Enterprise Tech,"Advent International,General Catalyst,Insight Partners"
Lyra Health,$5.85,25/08/2020,United States,Burlingame,Healthcare & Life Sciences,"Greylock Partners, Venrock, Providence Ventures"
Checkr,$4.60,19/09/2019,United States,San Francisco,Enterprise Tech,"Y Combinator, Accel, T. Rowe Price"
Glean,$4.60,18/05/2022,United States,Palo Alto,Enterprise Tech,"General Catalyst, Kleiner Perkins Caufield & Byers, Lightspeed Venture Partners"
Skims,$4.00,9/04/2021,United States,Los Angeles,Consumer & Retail,"Thrive Capital, Alliance Consumer Growth, Imaginary Ventures"
Color,$4.60,4/01/2021,United States,Burlingame,Healthcare & Life Sciences,"General Catalyst, Viking Global Investors, T. Rowe Price"
Lendable,$4.58,31/03/2021,United Kingdom,London,Financial Services,"Ontario Teachers' Pension Plan, Goldman Sachs"
Vinted,$4.53,27/11/2019,Lithuania,Vilnius,Consumer & Retail,"Accel, Insight Partners, Burda Principal Investments"
VIPKid,$4.50,4/08/2016,China,Beijing,Consumer & Retail,"Sequoia Capital China, Tencent Holdings, Sinovation Ventures"
Socure,$4.50,16/03/2021,United States,New York,Financial Services,"Two Sigma Ventures, Flint Capital, Commerce Ventures"
wefox,$4.50,5/03/2019,Germany,Berlin,Insurance,"Salesforce Ventures, Seedcamp, OMERS Ventures"
Hugging Face,$4.50,9/05/2022,United States,New York,Enterprise Tech,"Betaworks Ventures, Addition, Lux Capital"
Outreach,$4.40,16/04/2019,United States,Seattle,Enterprise Tech,"Mayfield Fund, M12, Trinity Ventures"
Alan,$4.46,19/04/2021,France,Paris,Healthcare & Life Sciences,"Index Ventures, Temasek, Portag3 Ventures"
WeRide,$4.40,23/12/2020,China,Guangzhou,Industrials,"Atop Capital, IDInvest Partners, Qiming Venture Partners"
Guild Education,$4.40,13/11/2019,United States,Denver,Enterprise Tech,"General Atlantic, Blackstone, ICONIQ Growth"
Arctic Wolf Networks,$4.30,22/10/2020,United States,Eden Prairie,Enterprise Tech,"Lightspeed Venture Partners, Redpoint Ventures, Viking Global Investors"
OutSystems,$4.30,5/06/2018,United States,Boston,Enterprise Tech,"KKR, ES Ventures, North Bridge Growth Equity"
Sorare,$4.30,21/09/2021,France,Paris,Media & Entertainment,"Benchmark, Accel, SoftBank Group"
Zipline,$4.20,20/05/2019,United States,South San Francisco,Industrials,"Sequoia Capital, Baillie Gifford & Co., Google Ventures"
Relativity,$4.20,23/11/2020,United States,Inglewood,Industrials,"Playground Global, Bond, Tribe Capital"
Miaoshou Doctor,$4.25,27/06/2019,China,Beijing,Healthcare & Life Sciences,"Sequoia Capital China, Qiming Venture Partners, Tencent Holdings"
ThoughtSpot,$4.20,8/05/2018,United States,Sunnyvale,Enterprise Tech,"Lightspeed Venture Partners, Khosla Ventures, Geodesic Capital"
Globalization Partners,$4.20,24/01/2022,United States,Boston,Enterprise Tech,"Vista Equity Partners, Wincove, TDR Capital"
dbt Labs,$4.20,30/06/2021,United States,Philadelphia,Enterprise Tech,"Andreessen Horowitz, Amplify Partners, Sequoia Capital"
SSENSE,$4.15,8/06/2021,Canada,Montreal,Consumer & Retail,Sequoia Capital
Dataminr,$4.10,4/06/2018,United States,New York,Enterprise Tech,"Venrock, Institutional Venture Partners, Goldman Sachs"
BitPanda,$4.11,16/03/2021,Austria,Vienna,Financial Services,"Speedinvest, Valar Ventures, Uniqa Ventures"
Weee!,$4.10,16/03/2021,United States,Fremont,Consumer & Retail,"Goodwater Capital, iFly, XVC Venture Capital"
AlphaSense,$4.00,15/06/2022,United States,New York,Enterprise Tech,"Viking Global Investors, GS Growth, BlackRock"
Skydance Media,$4.00,11/02/2020,United States,Santa Monica,Media & Entertainment,"RedBird Capital Partners, CJ ENM, Tencent Holdings"
The Brandtech Group,$4.00,19/11/2019,United States,New York,Enterprise Tech,Undisclosed
Houzz,$4.00,30/09/2014,United States,Palo Alto,Consumer & Retail,"New Enterprise Associates, Sequoia Capital, Comcast Ventures"
Yello Mobile,$4.00,11/11/2014,South Korea,Seoul,Consumer & Retail,Formation 8
Inflection AI,$4.00,13/05/2022,United States,Palo Alto,Enterprise Tech,"Gates Frontier, Greylock Partners, Horizons Ventures"
MEGVII,$4.00,31/10/2017,China,Beijing,Enterprise Tech,"Ant Financial Services Group, Russia-China Investment Fund, Foxconn Technology Company"
Greensill,$4.00,16/07/2018,United Kingdom,London,Financial Services,"SoftBank Group, General Atlantic"
Impossible Foods,$4.00,13/05/2019,United States,Redwood City,Consumer & Retail,"Khosla Ventures, Horizons Ventures, Temasek Holdings"
Radiology Partners,$4.00,26/02/2018,United States,El Segundo,Healthcare & Life Sciences,"New Enterprise Associates, Starr Investment Holdings"
Next Insurance,$4.00,7/10/2019,United States,Palo Alto,Insurance,"Zeev Ventures, Ribbit Capital, TLV Partners"
PointClickCare,$4.00,7/01/2021,Canada,Mississauga,Healthcare & Life Sciences,"Dragoneer Investment Group, Hellman & Friedman, JMI Equity"
Zapier,$4.00,14/01/2021,United States,Sunnyvale,Enterprise Tech,"Sequoia Capital, Bessemer Venture Partners, Threshold Ventures"
Clubhouse,$4.00,24/01/2021,United States,San Francisco,Media & Entertainment,"Andreessen Horowitz, TQ Ventures"
BrowserStack,$4.00,16/06/2021,Ireland,Dublin,Enterprise Tech,"Accel, Insight Partners, Bond Capital"
Melio,$4.00,25/01/2021,United States,New York,Financial Services,"Accel, Aleph, American Express Ventures"
Vuori,$4.00,13/10/2021,United States,Carlsbad,Consumer & Retail,"SoftBank Group, Norwest Venture Partners"
ClickUp,$4.00,15/12/2020,United States,San Diego,Enterprise Tech,"Georgian Partners, Craft Ventures"
Cerebras Systems,$4.00,14/11/2018,United States,Los Altos,Enterprise Tech,"Benchmark, Foundation Capital, Sequoia Capital"
Farmers Business Network,$4.00,3/08/2020,United States,San Carlos,Industrials,"Blackrock, Kleiner Perkins Caulfield & Byers, Google Ventures"
Branch,$4.00,10/09/2018,United States,Redwood City,Enterprise Tech,"New Enterprise Associates, Pear, Cowboy Ventures"
Aurora Solar,$4.00,24/05/2021,United States,San Francisco,Industrials,"Fifth Wall Ventures, Energize Ventures, ICONIQ Capital"
Webflow,$4.00,13/01/2021,United States,San Francisco,Enterprise Tech,"Accel, Silversmith Capital Partners, capitalG"
Yuga Labs,$4.00,22/03/2022,United States,Miami,Media & Entertainment,"Andreessen Horowitz, Thrive Capital, Sound Ventures"
Medlinker,$3.92,31/07/2018,China,Chengdu,Healthcare & Life Sciences,"China Health Industry Investment Fund, China Renaissance, and Sequoia Capital China"
StockX,$3.80,26/06/2019,United States,Detroit,Consumer & Retail,"Google Ventures, Battery Ventures, DST Global"
MessageBird,$3.80,8/10/2020,Netherlands,Amsterdam,Enterprise Tech,"Y Combinator, Atomico, Accel"
Articulate,$3.75,1/07/2021,United States,New York,Enterprise Tech,"Blackstone, ICONIQ Growth, General Atlantic"
Dutchie,$3.75,16/03/2021,United States,Bend,Consumer & Retail,"Casa Verde Capital, Gron Ventures, Thrity Five Ventures"
Cohesity,$3.70,11/06/2018,United States,San Jose,Enterprise Tech,"SoftBank Group, Sequoia Capital, Wing Venture Capital"
Dataiku,$3.70,4/12/2019,United States,New York,Enterprise Tech,"Alven Capital, FirstMark Capital, capitalG"
GOAT,$3.70,23/09/2020,United States,Culver City,Consumer & Retail,"Upfront Ventures, Webb Investment Network, D1 Capital Partners"
Noom,$3.70,24/05/2021,United States,New York,Healthcare & Life Sciences,"Qualcomm Ventures, Samsung Ventures, Silver Lake"
Papaya Global,$3.70,4/03/2021,United States,New York,Enterprise Tech,"Bessemer Venture Partners, Insight Partners, New Era Ventures"
Abogen,$3.70,29/11/2021,China,Suzhou,Healthcare & Life Sciences,"Hillhouse Capital Management, SoftBank Group, Qiming Venture Partners"
Harness,$3.70,14/01/2021,United States,San Francisco,Enterprise Tech,"Menlo Ventures, Alkeon Capital Management, Citi Ventures"
Whatnot,$3.70,16/09/2021,United States,Marina del Rey,Consumer & Retail,"Y Combinator, Andreessen Horowitz, Wonder Ventures"
o9 Solutions,$3.70,28/04/2020,United States,Dallas,Enterprise Tech,KKR
Autograph,$3.66,20/01/2022,United States,Santa Monica,Media & Entertainment,01 Advisors. Kleiner Perkins Caufield & Byers. Andreessen Horowitz
Relativity,$3.60,18/03/2021,United States,Chicago,Enterprise Tech,"Silver Lake, ICONIQ Capital"
Whoop,$3.60,28/10/2020,United States,Boston,Healthcare & Life Sciences,"NextView Ventures, Promus Ventures, Two Sigma Ventures"
Course Hero,$3.60,12/02/2020,United States,Redwood City,Consumer & Retail,"NewView Capital, Maveron, Ridge Ventures"
SpotOn,$3.60,26/05/2021,United States,San Francisco,Financial Services,"Dragoneer Investment Group, DST Global, Franklin Templeton"
Otto Bock HealthCare,$3.52,24/06/2017,Germany,Duderstadt,Healthcare & Life Sciences,EQT Partners
Cribl,$3.50,25/08/2021,United States,San Francisco,Enterprise Tech,"Institutional Venture Partners, CRV, Sequoia Capital"
Indigo Ag,$3.50,26/09/2017,United States,Boston,Industrials,"Activant Capital Group, Alaska Permanent Fund, Baillie Gifford & Co."
eToro,$3.50,21/03/2023,United Kingdom,London,Financial Services,"BRM Group, Spark Capital, Social Leverage"
HyalRoute,$3.50,26/05/2020,Singapore,,Industrials,Kuang-Chi
Rec Room,$3.50,23/03/2021,United States,Seattle,Media & Entertainment,"First Round Capital, Sequoia Capital, Index Ventures"
Mirakl,$3.50,22/09/2020,France,Paris,Consumer & Retail,"Elaia Partners, 83North, Felix Capital"
Tekion,$4.00,21/10/2020,United States,San Ramon,Industrials,"Airbus Ventures, Index Ventures, Advent International"
GoStudent,$3.50,22/06/2021,Austria,Vienna,Consumer & Retail,"DN Capital, Left Lane Capital, Coatue Management"
Highspot,$3.50,22/02/2021,United States,Seattle,Enterprise Tech,"Madrona Venture Group, Shasta Ventures, Salesforce Ventures"
Handshake,$3.50,12/05/2021,United States,San Francisco,Enterprise Tech,"Kleiner Perkins Caufield & Byers, Lightspeed Venture Partners, True Ventures"
ChargeBee Technologies,$3.50,20/04/2021,United States,San Francisco,Financial Services,"Insight Partners, Tiger Global Management, Accel"
Flock Safety,$3.50,13/07/2021,United States,Atlanta,Consumer & Retail,"Matrix Partners, Initialized Capital, Tiger Global Management"
Helion Energy,$3.50,5/11/2021,United States,Redmond,Industrials,"Mithril Capital Management, Y Combinator, Capricorn Investment Group"
Unacademy,$3.44,2/09/2020,India,Bengaluru,Consumer & Retail,"Blume Ventures, Nexus Venture Partners, Sequoia Capital India"
Odoo,$3.43,29/07/2021,Belgium,Louvain-la-Neuve,Enterprise Tech,"Summit Partners, Noshaq, Sofinnova Partners"
MoonPay,$3.40,22/11/2021,United States,Miami,Financial Services,"New Enterprise Associates, Coatue Management, Tiger Global Management"
Upstox,$3.40,29/11/2021,India,Mumbai,Financial Services,"Tiger Global Management, Kalaari Capital"
Improbable,$3.36,11/05/2017,United Kingdom,London,Media & Entertainment,"Andreessen Horowitz, SoftBank Group, Temasek Holdings"
Youxia Motors,$3.35,2/04/2018,China,Shanghai,Industrials,"China Environmental Protection Industry, China Fortune Ocean"
Starburst,$3.35,6/01/2021,United States,Boston,Enterprise Tech,"Index Ventures, Coatue Management, Andreessen Horowitz"
Moonshot AI,$3.30,19/02/2024,China,Beijing,Consumer & Retail,"HongShan, Jinfu Investment, ZhenFund"
Sila,$3.30,16/04/2019,United States,Alameda,Industrials,"Bessemer Venture Partners, Sutter Hill Ventures, Matrix Partners"
Komodo Health,$3.30,22/05/2020,United States,San Francisco,Healthcare & Life Sciences,"Andreessen Horowitz, IA Ventures, Felicis Ventures"
Kurly,$3.30,9/07/2021,South Korea,Seoul,Consumer & Retail,"Sequoia Capital China, DST Global, DST Global"
Cars24,$3.30,24/11/2020,India,Gurgaon,Industrials,"Moore Strategic Ventures, DST Global, Sequoia Capital India"
Spring Health,$3.30,16/09/2021,United States,New York,Healthcare & Life Sciences,"Rethink Impact, Work-Bench, RRE Ventures"
BlockDaemon,$3.25,21/09/2021,United States,Los Angeles,Financial Services,"BOLDstart Ventures, Lerer Hippeau, Kenetic Capital"
Bilt Rewards,$3.25,25/10/2022,United States,New York,Financial Services,"Camber Creek, Kairos HQ, Fifth Wall Ventures"
Vercel,$3.25,23/06/2021,United States,San Francisco,Enterprise Tech,"CRV, Accel, Google Ventures"
Dadi Cinema,$3.24,11/05/2016,China,Shenzhen,Media & Entertainment,Alibaba Pictures Group
Aiven,$3.21,18/10/2021,Finland,Helsinki,Enterprise Tech,"Institutional Venture Partners, Atomico, Earlybird Venture Capital"
Thumbtack,$3.20,29/09/2015,United States,San Francisco,Consumer & Retail,"Tiger Global, Sequoia Capital, Google Capital"
Cedar,$3.20,9/03/2021,United States,New York,Healthcare & Life Sciences,"Thrive Capital, Founders Fund, Cocnord Health Partners"
Eruditus Executive Education,$3.20,12/08/2021,India,Mumbai,Enterprise Tech,"Sequoia Capital India, Softbank, Bertelsmann India Investments"
Blockstream,$3.20,24/08/2021,Canada,Vancouver,Financial Services,"AME Cloud Ventures, Future Perfect Ventures, Blockchain Capital"
Innovaccer,$3.20,19/02/2021,United States,San Francisco,Healthcare & Life Sciences,"M12, WestBridge Capital, Lightspeed Venture Partners"
Ironclad,$3.20,18/01/2022,United States,Sacramento,Enterprise Tech,"Accel, Sequoia Capital, Y Combinator"
Eikon Therapeutics,$3.20,6/01/2022,United States,Hayward,Healthcare & Life Sciences,"The Column Group, Foresite Capital, Foresite Capital"
Retool,$3.20,22/12/2021,United States,San Francisco,Enterprise Tech,Sequoia Capital
Verkada,$3.20,29/01/2020,United States,San Mateo,Industrials,"next47, First Round Capital, Sequoia Capital"
PsiQuantum,$3.15,27/07/2021,United States,Palo Alto,Enterprise Tech,"Playground Global, M12, BlackRock"
HighRadius,$3.10,7/01/2020,United States,Houston,Financial Services,"Susquehanna Growth Equity, Citi Ventures, ICONIQ Capital"
Nuvemshop,$3.10,17/08/2021,Brazil,Sao Paulo,Consumer & Retail,"Kaszek Ventures, Qualcomm Ventures, Accel"
LayerZero Labs,$3.00,30/03/2022,United States,New York,Enterprise Tech,"Andreessen Horowitz, FTX Ventures, Tiger Global Management"
Clio,$3.00,27/04/2021,Canada,Burnaby,Enterprise Tech,"OMERS Private Equity, T. Rowe Price, Technology Crossover Ventures"
Zhipu AI,$3.00,20/09/2023,China,Beijing,Enterprise Tech,"Qiming Venture Partners, Legend Capital, Jiangmen Venture Capital"
Island,$3.00,23/03/2022,United States,Dallas,Enterprise Tech,"Insight Partners, Sequoia Capital, Stripes Group"
Nord Security,$3.00,7/04/2022,Lithuania,Vilnius,Enterprise Tech,"General Catalyst, BaltCap, Novator Partners"
Yixia,$3.00,24/11/2015,China,Beijing,Media & Entertainment,"Sequoia Capital China, Sina Weibo, Kleiner Perkins Caufield & Byers, Redpoint Ventures"
Traveloka,$3.00,1/01/2017,Indonesia,Jakarta,Consumer & Retail,"Global Founders Capital, East Ventures, Expedia Inc."
Monad Labs,$3.00,9/04/2024,United States,New York,Financial Services,"HTX Ventures, Electric Capital, Coinbase Ventures"
SouChe Holdings,$3.00,1/11/2017,China,Hangzhou,Industrials,"Morningside Ventures, Warburg Pincus, CreditEase Fintech Investment Fund"
BGL Group,$3.00,24/11/2017,United Kingdom,Peterborough,Insurance,CPP Investment Board
Circle,$3.00,15/05/2018,United States,Boston,Financial Services,"General Catalyst, Digital Currency Group, Accel"
Zuoyebang,$3.00,18/07/2018,China,Beijing,Consumer & Retail,"Sequoia Capital China, Xiang He Capital, GGV Capital"
FlixMobility,$3.00,18/07/2019,Germany,Munich,Industrials,"Holtzbrinck Ventures, Unternehmertum Venture Capital, General Atlantic"
Wildlife Studios,$3.00,5/12/2019,Brazil,Sao Paulo,Media & Entertainment,"Benchmark, Bessemer Venture Partners"
ApplyBoard,$3.20,5/05/2020,Canada,Kitchener,Consumer & Retail,"Artiman Ventures, Plug and Play Ventures, Anthos Capital"
Forter,$3.00,19/11/2020,United States,New York,Enterprise Tech,"Sequoia Capital Israel, Scale Venture Partners, Commerce Ventures"
Calendly,$3.00,26/01/2021,United States,Atlanta,Enterprise Tech,"ICONIQ Capital, OpenView Venture Partners"
BlockFi,$3.00,11/03/2021,United States,Jersey City,Financial Services,"ConsenSys Ventures, Valar Ventures, PUC"
ActiveCampaign,$3.00,21/04/2021,United States,Chicago,Enterprise Tech,"Silversmith Capital Partners, Susquehanna Growth Equity, Tiger Global Management"
CMR Surgical,$3.00,17/09/2019,United Kingdom,Cambridge,Healthcare & Life Sciences,"Cambridge Innovation Capital, LGT Capital Partners, Escala Capital"
Lucid Software,$3.00,29/06/2021,United States,South Jordan,Enterprise Tech,"Spectrum Equity, ICONIQ Capital, Grayhawk Capital"
Age of Learning,$3.00,3/05/2016,United States,Glendale,Consumer & Retail,Iconiq Capital
Carbon Health,$3.00,21/07/2021,United States,San Francisco,Healthcare & Life Sciences,"Brookfield Asset Management, Blackstone, Data Collective"
Contentful,$3.00,28/07/2021,Germany,Berlin,Enterprise Tech,"Balderton Capital, General Catalyst, Tiger Global Management"
LaunchDarkly,$3.00,10/08/2021,United States,Oakland,Enterprise Tech,"Uncork Capital, Threshold Ventures, Bloomberg Beta"
Seismic,$3.00,18/12/2018,United States,San Diego,Enterprise Tech,"Jackson Square Ventures, General Atlantic, Lightspeed Venture Partners"
Sky Mavis,$3.00,4/10/2021,Vietnam,Ho Chi Minh City,Media & Entertainment,"Fabric Ventures, 500 Global, Standard Crypto"
Outschool,$3.00,14/04/2021,United States,San Francisco,Consumer & Retail,"Uniion Square Ventures, Tiger Global Management, Lightspeed Venture Capital"
TradingView,$3.00,14/10/2021,United States,Westerville,Financial Services,"Tiger Global Management, Insight Partners, Jump Capital"
Groww,$3.00,7/04/2021,India,Bengaluru,Financial Services,"Tiger Global Management, Sequoia Capital India, Ribbit Capital"
Podium,$3.00,7/04/2020,United States,Lehi,Consumer & Retail,"Accel, Summit Partners, Google Ventures"
Via,$3.50,30/03/2020,United States,New York,Industrials,"83North, RiverPark Ventures, Pitango Venture Capital"
Anchorage Digital,$3.00,15/12/2021,United States,San Francisco,Financial Services,"Andreessen Horowitz, Blockchain Capital, Lux Capital"
Inxeption,$3.00,13/01/2022,United States,San Francisco,Industrials,"Coatue Management, BMO Capital, Schonfeld Strategic Advisors"
Lattice,$3.00,23/03/2021,United States,San Francisco,Enterprise Tech,"Khosla Ventures, Thrive Capital, Y Combinator"
Flutterwave,$3.00,9/03/2021,United States,San Francisco,Financial Services,"Green Visor Capital, CRE Venture Capital, Greycroft"
Amber Group,$3.00,21/06/2021,Singapore,,Financial Services,"Tiger Global Management, Tiger Brokers, DCM Ventures"
Cross River Bank,$3.00,11/02/2022,United States,Fort Lee,Financial Services,"Battery Ventures, Andreessen Horowitz, Ribbit Capital"
Remote,$3.00,13/07/2021,United States,San Francisco,Enterprise Tech,"Index Ventures, Sequoia Capital, General Catalyst"
Sentry,$3.00,18/02/2021,United States,San Francisco,Enterprise Tech,"New Enterprise Associates, Accel, Bond"
TERMINUS Technology,$2.96,25/10/2018,China,Beijing,Industrials,"China Everbright Limited, IDG Capital, iFLYTEK"
Kraken,$2.92,25/06/2019,United States,San Francisco,Financial Services,"Bnk To The Future, Trammell Ventures, SBI Investment"
Workrise,$2.90,30/09/2019,United States,Austin,Industrials,"Founders Fund, Quantum Energy Partners, Bedrock Capital"
BharatPe,$2.85,30/07/2021,India,New Delhi,Financial Services,"Insight Partners, Sequoia Capital India, BEENEXT"
Gokin Solar,$2.88,13/04/2022,China,Zhuhai,Industrials,"IDG Capital, Puluo Capital, Midea Capital"
DriveWealth,$2.85,20/08/2021,United States,Chatham,Financial Services,"Point72 Ventures, Route 66 Ventures, Accel"
Meicai,$2.80,22/06/2016,China,Beijing,Consumer & Retail,"Tiger Global Management, Blue Lake Capital, ZhenFund"
Nutrabolt,$2.79,8/12/2022,United States,Austin,Consumer & Retail,MidOcean Partners
Baichuan AI,$2.77,25/07/2024,China,Haidian,Enterprise Tech,"Shenzhen Capital Group, Shunwei Capital"
Illumio,$2.75,14/04/2015,United States,Sunnyvale,Enterprise Tech,"Data Collective, Formation 8, General Catalyst Partners"
MasterClass,$2.75,13/05/2021,United States,San Francisco,Media & Entertainment,"Institutional Venture Partners, New Enterprise Associates, Javelin Venture Partners"
Dream Games,$2.75,30/06/2021,Turkey,Istanbul,Media & Entertainment,"Makers Fund, Index Ventures, Inova Ventures Participacees"
Transmit Security,$2.74,22/06/2021,Israel,Tel Aviv,Enterprise Tech,"General Atlantic, Insight Partners, Vintage Investment Partners"
Hozon Auto,$3.95,22/02/2022,China,Shanghai,Industrials,"HD Capital, Qihoo 360 Technology, China Fortune Land Development"
Tradeshift,$2.70,30/05/2018,United States,San Francisco,Enterprise Tech,"Notion Capital, Scentan Ventures, Kite Ventures"
Nextiva,$2.70,14/09/2021,United States,Scottsdale,Enterprise Tech,Goldman Sachs Asset Management
Tridge,$2.70,24/08/2022,South Korea,Seoul,Industrials,"Forest Partners, Softbank Ventures Asia"
Thought Machine,$2.70,29/11/2021,United Kingdom,London,Financial Services,"British Patient Capital, SEB Venture Capital, IQ Capital"
Starling Bank,$2.69,8/03/2021,United Kingdom,London,Financial Services,"JTC Group, Qatar Investment Authority, Fidelity Investment"
Figure,$2.68,23/02/2024,United States,Sunnyvale,Industrials,"Intel Capital, Parkway VC, Amazon Industrial Innovation Fund"
BackBase,$2.66,9/06/2022,Netherlands,Amsterdam,Financial Services,Motive Partners
ManoMano,$2.60,5/07/2021,France,Paris,Consumer & Retail,"General Atlantic, Piton Capital, Partech Partners"
Sourcegraph,$2.62,13/07/2021,United States,San Francisco,Enterprise Tech,"Redpoint Ventures, Goldcrest Capital, Insight Partners"
Pendo,$2.60,17/10/2019,United States,Raleigh,Enterprise Tech,"Contour Venture Partners, Battery Ventures, Core Capital Partners"
Plume,$2.60,23/02/2021,United States,Palo Alto,Industrials,"Insight Partners, Jackson Square Ventures, Liberty Gloval Ventures"
Moglix,$2.60,17/05/2021,Singapore,,Industrials,"Jungle Ventures, Accel, Venture Highway"
Axonius,$2.60,1/03/2021,United States,New York,Enterprise Tech,"Vertex Ventures Israel, Bessemer Venture Partners, Emerge"
Xinchao Media,$2.00,9/04/2018,China,Chengdu,Media & Entertainment,"JD.com, Baidu, Vision Plus Capital"
JumpCloud,$2.62,13/09/2021,United States,Louisville,Enterprise Tech,"Foundry Group, General Atlantic, BlackRock"
Unico,$2.60,3/08/2021,Brazil,Sao Paulo,Enterprise Tech,"Big Bets, General Atlantic, SOFTBANK Latin America Ventures"
Bending Spoons,$2.55,15/02/2024,Italy,Milan,Consumer & Retail,"Durable Capital Partners, Adjacent, Creator Partners"
Oura,$2.55,5/04/2022,Finland,Oulu,Healthcare & Life Sciences,"Forerunner Ventures, Lifeline Ventures, MSD Capital"
JUST Egg,$2.59,30/11/2017,United States,San Francisco,Consumer & Retail,"Khosla Ventures, Horizons Ventures, Founders Fund"
Groq,$2.50,14/04/2021,United States,Mountain View,Enterprise Tech,"TDK Ventures, Social Capital, D1 Capital Partners"
Jetti Resources,$2.50,24/10/2022,United States,Boulder,Industrials,"BMW i Ventures, BHP Ventures"
Claroty,$2.50,17/06/2021,United States,New York,Enterprise Tech,"Bessemer Venture Partners, MoreVC, Team8"
Vista Global,$2.50,23/08/2017,United Arab Emirates,Dubai,Industrials,Rhone Capital
BYTON,$2.50,20/04/2018,China,Nanjing,Industrials,"FAW Group, Tencent Holdings, Tus Holdings"
Side,$2.50,22/03/2021,United States,San Francisco,Financial Services,"Coatue Managemeny, Trinity Ventures, Matrix Partners"
Infra.Market,$2.50,25/02/2021,India,Thane,Industrials,"Accel, Tiger Global Management, Nexus Venture Partners"
Varo Bank,$2.50,9/09/2021,United States,San Francisco,Financial Services,"Warburg Pincus, The Rise Fund, HarbourVest Partners"
Cato Networks,$3.00,17/11/2020,Israel,Tel Aviv,Enterprise Tech,"Aspect Ventures, SingTel Innov8, Greylock Partners"
Sword Health,$3.00,22/11/2021,United States,New York,Healthcare & Life Sciences,"Khosla Ventures, Green Innovations, Founders Fund"
Aura,$2.50,9/06/2021,United States,Burlington,Consumer & Retail,"Warburg Pincus, General Catalyst"
Sysdig,$2.50,28/04/2021,United States,San Francisco,Enterprise Tech,"Accel, Bain Capital Ventures, Insight Partners"
Zetwerk,$2.80,20/08/2021,India,Bengaluru,Industrials,"Sequoia Capital India, Kae Capital, Accel"
Uniphore,$2.50,16/02/2022,United States,Palo Alto,Enterprise Tech,"Chiratae Ventures, March Capital Partners, National Grid Partners"
Somatus,$2.50,23/02/2022,United States,McLean,Healthcare & Life Sciences,"The Blue Venture Fund, Flare Capital Partners, Longitude Capital"
Immutable,$2.50,7/03/2022,Australia,Sydney,Media & Entertainment,"Fabric Ventures, AirTree Ventures, Temasek"
SiFive,$2.50,16/03/2022,United States,San Mateo,Enterprise Tech,"Sutter Hill Ventures, Osage University Partners, Spark Capital"
Games24x7,$2.50,30/03/2022,India,Mumbai,Media & Entertainment,"Tiger Global Management, The Raine Group, Malabar Investments"
Fetch,$2.50,31/03/2021,United States,Madison,Consumer & Retail,"Greycroft, Loeb.NYC, DST Global"
Coda Payments,$2.50,15/04/2022,Singapore,,Financial Services,"GIC. Apis Partners, Insight Partners"
DriveNets,$2.50,27/01/2021,Israel,Ra'anana,Enterprise Tech,"Bessemer Venture Partners, Pitango Venture Capital, D1 Capital Partners"
Hibob,$2.45,12/10/2021,Israel,Tel Aviv,Enterprise Tech,"Bessemer Venture Partners, Eight Roads Ventures, Battery Ventures"
Vanta,$2.45,7/06/2022,United States,San Francisco,Enterprise Tech,"Craft Ventures, Sequoia Capital, Verissimo Ventures"
Uala,$2.45,13/08/2021,Argentina,Buenos Aires,Financial Services,"Soros Fund Management, Ribbit Capital, Monashees+"
Mobile Premier League,$2.45,15/09/2021,India,Bengaluru,Media & Entertainment,"Sequoia Capital India, RTP Global, Go-Ventures"
insitro,$2.44,15/03/2021,United States,South San Francisco,Healthcare & Life Sciences,"Foresite Capital, ARCH Venture Partners, Third Rock Ventures"
Cgtz,$2.41,21/02/2017,China,Hangzhou,Financial Services,"Shunwei Capital Partners, China Media Group, Guangzhou Huiyin Aofeng Equity Investment Fund"
Star Charge,$2.41,19/05/2021,China,Changzhou,Industrials,"Shunwei Capital Partners, China Media Group, Guangzhou Huiyin Aofeng Equity Investment Fund"
Carbon,$2.40,20/08/2015,United States,Redwood City,Industrials,"Google Ventures, Sequoia Capital, Wakefield Group"
Rokt,$2.40,16/12/2021,United States,New York,Consumer & Retail,"Square Peg Capital, TDM Growth Partners, Tiger Global Management"
Paxos,$2.40,29/04/2021,United States,New York,Financial Services,"Liberty City Ventures, RRE Ventures, Mithril Capital Management"
BitSight Technologies,$2.40,13/09/2021,United States,Boston,Enterprise Tech,"Menlo Ventures, GGV Capital, Flybridge Capital Partners"
Trumid,$2.40,15/07/2020,United States,New York,Financial Services,"T. Rowe Price, Dragoneer Investment Group, BlackRock"
ABL Space Systems,$2.40,25/03/2021,United States,El Segundo,Industrials,"T. Rowe Price, Lockheed Martin Ventures, Fidelity Investment"
HoneyBook,$2.40,4/05/2021,United States,San Francisco,Enterprise Tech,"Norwest Venture Partners, Hillsven Capital, Aleph"
Beta Technologies,$2.40,19/04/2022,United States,South Burlington,Industrials,"The Rise Fund, Fidelity Investments. RedBird Capital Partners"
Project44,$2.62,1/06/2021,United States,Chicago,Enterprise Tech,"Emergence Capital Partners, 8VC, Chicago Ventures"
Freenome,$2.62,26/08/2020,United States,South San Francisco,Healthcare & Life Sciences,"Andreessen Horowitz, Data Collective, Roche Venture Fund"
ManyPets,$2.35,1/06/2021,United Kingdom,London,Insurance,"Octopus Ventures, Munich Re Ventures, CommerzVentures"
Jobandtalent,$2.35,1/12/2021,Spain,Madrid,Enterprise Tech,"Kibo Ventures, SoftBank Group, Atomico"
WEMAKEPRICE,$2.34,9/09/2015,South Korea,Seoul,Consumer & Retail,"IMM Investment, NXC"
Biren Technology,$2.32,18/08/2020,China,Shanghai,Enterprise Tech,"V FUND, IDG Capital, Green Pine Capital Partners"
Transcarent,$2.20,11/01/2022,United States,San Francisco,Healthcare & Life Sciences,"Alta Partners, General Catalyst, Jove Equity Partners"
Voodoo,$2.31,17/08/2020,France,Paris,Media & Entertainment,"Tencent Holdings, Goldman Sachs"
Shield AI,$2.80,24/08/2021,United States,San Diego,Industrials,"Andreessen Horowitz, Homebrew, Point72 Ventures"
PhysicsWallah,$2.80,7/06/2022,India,Uttar Pradesh,Consumer & Retail,"GSV Ventures, WestBridge Capital"
Uptake,$2.30,27/10/2015,United States,Chicago,Industrials,"Revolution, New Enterprise Associates, Caterpillar"
Motive,$2.85,23/04/2019,United States,San Francisco,Industrials,"Google Ventures, Index Ventures, Scale Venture Partners"
Greenlight,$2.30,24/09/2020,United States,Atlanta,Financial Services,"Relay Ventures, TTV Capital, Canapi Ventures"
MoMo,$2.27,10/12/2021,Vietnam,Ho Chi Minh City,Financial Services,"Goodwater Capital, Warburg Pincus, GS Growth"
Story Protocol,$2.25,21/08/2024,United States,Bellevue,Media & Entertainment,"A16z Crypto, Andreessen Horowitz, Two Small Fish Ventures"
Algolia,$2.25,28/07/2021,United States,San Francisco,Enterprise Tech,"Accel, Alven Capital, Storm Ventures"
Pattern,$2.25,6/10/2021,United States,Lehi,Consumer & Retail,"Knox Lane, Ainge Advisory, Carlson Private Capital Partners"
Newfront Insurance,$2.20,12/04/2022,United States,San Francisco,Insurance,"Founders Fund, Meritech Capital Partners, GS Growth"
NuCom Group,$2.20,22/02/2018,Germany,Unterfoehring,Consumer & Retail,General Atlantic
Skydio,$2.20,25/02/2021,United States,Redwood City,Industrials,"Andreessen Horowitz, Andreessen Horowitz, Institutional Venture Partners, Accel"
MUSINSA,$2.76,11/11/2019,South Korea,Seoul,Consumer & Retail,Sequoia Capital
Current,$2.20,27/04/2021,United States,New York,Financial Services,"Expa, QED Investors, Foundation Capital"
Bitso,$2.20,5/05/2021,Mexico,Mexico City,Financial Services,"Pantera Capital, QED Investors, Coinbase Ventures"
Gympass,$2.40,12/06/2019,United States,New York,Healthcare & Life Sciences,"General Atlantic, SoftBank Group, Atomico"
Dialpad,$2.20,6/10/2020,United States,San Francisco,Enterprise Tech,"Andreessen Horowitz, Google Ventures, Section 32"
G7 Networks,$2.20,15/02/2022,China,Beijing,Industrials,"Eastern Bell Capital 32, SDIC CMC Investment Management, Trustbridge Partners"
BloomReach,$2.20,23/02/2022,United States,Mountain View,Consumer & Retail,"Bain Capital Ventures, Sixth Street Growth, Lightspeed Venture Partners"
Motif FoodWorks,$2.20,16/06/2021,United States,Boston,Industrials,"General Atlantic, Breakthrough Energy Ventures, Viking Global Investors"
Accelerant,$2.40,12/01/2022,United Kingdom,Colchester,Insurance,"Deer Park Road, Altamont Capital Partners, Eldridge"
YITU Technology,$2.17,8/03/2018,China,Shanghai,Enterprise Tech,"Sequoia Capital China, Banyan Capital"
Addepar,$2.17,15/06/2021,United States,Mountain View,Financial Services,"8VC, D1 Capital Partners, Sway Ventures"
Qualia,$2.17,21/12/2020,United States,San Francisco,Financial Services,"8VC, Menlo Ventures, Tiger Global Management"
Neo4j,$2.00,17/06/2021,United States,San Mateo,Enterprise Tech,"Eight Roads Ventures, One Peak Partners, Creandum"
CloudWalk,$2.15,8/09/2021,Brazil,Sao Paulo,Financial Services,"Plug and Play Ventures, Valor Capital Group, DST Global"
Xaira Therapeutics,$2.15,23/04/2024,United States,San Francisco,Healthcare & Life Sciences,"ARCH Venture Partners, Foresite Capital, Two Sigma Ventures"
CoinDCX,$2.15,10/08/2021,India,Maharashtra,Financial Services,"Polychain Capital, Coinbase Ventures, Jump Capital"
Eightfold,$2.10,27/10/2020,United States,Santa Clara,Enterprise Tech,"Foundation Capital, Institutional Venture Partners, General Catalyst"
Urban Company,$2.10,27/04/2021,India,Gurgaon,Consumer & Retail,"VY Capital, Accel, Elevation Capital"
Moveworks,$2.10,30/06/2021,United States,Mountain View,Enterprise Tech,"Lightspeed Venture Partners, Sapphire Ventures, Kleiner Perkins Caufield & Byers"
Medable,$2.10,26/10/2021,United States,Palo Alto,Healthcare & Life Sciences,"GSR Ventures, Sapphire Ventures, Streamlined Ventures"
GoCardless,$2.10,8/02/2022,United Kingdom,London,Financial Services,"Accel, Passion Capital, Balderton Capital"
Aledade,$3.50,19/01/2021,United States,Bethesda,Healthcare & Life Sciences,"Venrock, CVF Capital Partners, ARCH Venture Partners"
A24 Films,$3.50,9/03/2022,United States,New York,Media & Entertainment,"Stripes Group, Neuberger Berman"
Forto,$2.10,21/06/2021,Germany,Berlin,Industrials,"Cherry Ventures, Northzone Ventures, Global Founders Capital"
Jeeves,$2.10,14/03/2022,United States,Orlando,Enterprise Tech,"Tencent Holdings, CRV, Clocktower Technology Ventures"
Viva Wallet,$2.05,17/12/2022,Greece,Athens,Financial Services,"Breyer Capital, Hedosophia"
DeepL,$2.00,11/01/2023,Germany,Cologne,Enterprise Tech,"Benchmark, btov Partners, Bessemer Venture Partners"
Cognition AI,$2.00,24/04/2024,United States,San Francisco,Enterprise Tech,"Founders Fund, Khosla Ventures"
Babel Finance,$2.00,25/05/2022,Hong Kong,Hong Kong,Financial Services,"Dragonfly Capital, BAI Capital, 10T Fund"
Trendy Group International,$2.00,13/02/2012,Hong Kong,Kowloon,Consumer & Retail,L Capital Partners
GrubMarket,$2.00,14/09/2021,United States,San Francisco,Consumer & Retail,"GGV Capital, BlackRock, ACE & Company"
BeZero,$2.00,14/11/2022,United Kingdom,London,Enterprise Tech,"Contrarian Ventures, Molten Ventures, Hitachi Ventures 32"
Cohere,$2.00,2/05/2023,Canada,Toronto,Enterprise Tech,"Index Ventures, Salesforce Ventures, Section 32"
GO1,$2.00,19/07/2021,Australia,Brisbane,Enterprise Tech,"Y Combinator, M12, SEEK"
Clear Street,$2.00,29/04/2022,United States,New York,Financial Services,"NextGen Venture Partners, Prysm Capital, McLaren Strategic Ventures"
Drata,$2.00,8/11/2021,United States,San Diego,Enterprise Tech,"Cowboy Ventures, Leaders Fund, GGV Capital"
Mysten Labs,$2.00,8/09/2022,United States,San Francisco,Enterprise Tech,"Andreessen Horowitz, Coinbase Ventures, Circle Ventures"
Avant,$2.00,17/12/2012,United States,Chicago,Financial Services,"RRE Ventures, Tiger Global, August Capital"
Tubatu.com,$2.00,9/03/2015,China,Shenzhen,Consumer & Retail,"Sequoia Capital China, Matrix Partners China, 58.com"
BlaBlaCar,$2.00,16/09/2015,France,Paris,Consumer & Retail,"Accel Partners, Index Ventures, Insight Venture Partners"
HuiMin,$2.00,5/09/2016,China,Beijing,Consumer & Retail,"Zheshang Venture Capital, GP Capital, Western Capital Management"
Preferred Networks,$2.00,17/05/2018,Japan,Tokyo,Industrials,"Toyota Motor Corporation, Mizuho Financial Group, FANUC"
Formlabs,$2.00,1/08/2018,United States,Somerville,Industrials,"Pitango Venture Capital, DFJ Growth Fund, Foundry Group"
Calm,$2.00,6/02/2019,United States,San Francisco,Healthcare & Life Sciences,"Insight Venture Partners, TPG Growth, Sound Ventures"
Kaseya,$2.00,27/03/2019,United States,Miami,Enterprise Tech,"Insight Partners, TPG Alternative & Renewable Technologies, Ireland Strategic Investment Fund"
Mafengwo,$2.00,23/05/2019,China,Beijing,Consumer & Retail,"Qiming Venture Partners, Capital Today, General Atlantic"
Druva,$2.00,20/06/2019,United States,Sunnyvale,Enterprise Tech,"Nexus Venture Partners, Tenaya Capital, Sequoia Capital"
Kujiale,$2.00,25/10/2019,China,Hangzhou,Consumer & Retail,"GGV Capital, IDG Capital, Linear Venture"
AppsFlyer,$2.00,21/01/2020,United States,San Francisco,Enterprise Tech,"Magma Venture Partners, Pitango Venture Capital, Qumra Capital"
Redis,$2.00,25/08/2020,United States,Mountain View,Enterprise Tech,"Viola Ventures, Dell Technologies Capital, Bain Capital Ventures"
Xingyun Group,$2.00,24/09/2020,China,Shenzhen,Consumer & Retail,"Matrix Partners China, Eastern Bell Capital, Hongtai Capital Holdings"
Unqork,$2.00,6/10/2020,United States,New York,Insurance,"Blackrock, capitalG, World Lab Innovation"
Virta Health,$2.00,2/12/2020,United States,San Francisco,Healthcare & Life Sciences,"Caffeinated Capital, Obvious Ventures, Venrock"
ISN,$2.00,17/12/2020,United States,Dallas,Industrials,Blackstone
Earnix,$2.00,21/02/2021,Israel,Giv'atayim,Insurance,"Jerusalem Venture Partners, Israel Growth Partners, Insight Partners"
Clearco,$2.00,20/04/2021,Canada,Toronto,Financial Services,"Highland Capital Partners, Oak HC/FT Partners, Emergence Capital Partners"
Hive,$2.00,21/04/2021,United States,San Francisco,Enterprise Tech,"Tomales Bay Capital, Bain & Company, General Catalyst"
Kry,$2.00,27/04/2021,Sweden,Stockholm,Healthcare & Life Sciences,"Index Ventures, Creandum, Accel"
Kajabi,$2.00,4/05/2021,United States,Irvine,Media & Entertainment,"Meritech Capital Partners, Tiger Global Management, Spectrum Equity"
Ethos,$2.70,11/05/2021,United States,San Francisco,Insurance,"Sequoia Capital, Google Ventures, Accel"
PayFit,$2.10,6/01/2022,United Kingdom,London,Enterprise Tech,"Accel, frst, Kima Ventures"
Beisen,$2.00,11/05/2021,China,Beijing,Enterprise Tech,"Matrix Partners China, Sequoia Capital China, Genesis Capital"
Pipe,$2.00,19/05/2021,United States,Miami,Financial Services,"next47, MaC Venture Capital, FinVC"
Iterable,$2.00,15/06/2021,United States,San Francisco,Enterprise Tech,"CRV, Blue Cloud Ventures, Index Ventures"
Astronergy,$1.82,25/07/2023,China,Haining,Industrials,
Bunq,$1.80,18/06/2021,Netherlands,Amsterdam,Financial Services,Undisclosed
Quest Global,$1.80,8/08/2023,,Singapore,Industrials,
Clip,$2.00,10/06/2021,Mexico,Mexico City,Financial Services,"Alta Ventures Mexico, General Atlantic, SoftBank Group"
Loggi,$2.00,5/06/2019,Brazil,Sao Paulo,Industrials,"Qualcomm Ventures, SoftBank Group. Monashees+"
MURAL,$2.00,20/07/2021,United States,San Francisco,Enterprise Tech,"Insight Partners, Tiger Global Management, Gradient Ventures"
OCSiAl,$2.00,4/03/2019,Luxembourg,Leudelange,Industrials,"A&NN, Rusnano"
Divvy Homes,$2.00,13/08/2021,United States,San Francisco,Financial Services,"Andreessen Horowitz, Caffeinated Capital, SciFi VC"
Apeel Sciences,$2.00,26/05/2020,United States,Goleta,Consumer & Retail,"Upfront Ventures, Tao Capital Partners, Andreessen Horowitz"
Opay,$2.00,23/08/2021,Nigeria,Lagos,Financial Services,"Sequoia Capital China, Source Code Capital, Redpoint Ventures China"
Aviatrix,$2.00,8/09/2021,United States,Santa Clara,Enterprise Tech,"Ignition Partners, Formation 8, CRV"
SmartNews,$2.00,5/08/2019,Japan,Tokyo,Media & Entertainment,"Japan Post Capital, Globis Capital Partners, Atomico"
Misfits Market,$2.00,21/04/2021,United States,Pennsauken,Consumer & Retail,"Accel, D1 Capita Partners, Greenoaks Capital Management"
Advance Intelligence Group,$2.00,23/09/2021,Singapore,,Financial Services,"Vision Plus Capital, GSR Ventures, ZhenFund"
Modern Treasury,$2.00,6/10/2021,United States,San Francisco,Financial Services,"Benchmark, Altimeter Capital, Quiet Capital"
Magic Leap,$2.00,21/10/2014,United States,Plantation,Enterprise Tech,"Obvious Ventures, Qualcomm Ventures, Andreessen Horowitz"
ClickHouse,$2.00,28/10/2021,United States,Portola Valley,Enterprise Tech,"Lightspeed Venture Partners, Almaz Capital Partners, Altimeter Capital"
Everlaw,$2.00,10/03/2020,United States,Oakland,Enterprise Tech,"K9 Ventures, Menlo Ventures, Andreessen Horowitz"
Zilch,$2.00,10/11/2021,United Kingdom,London,Financial Services,"Gauss Ventures, Ventura Capital, dmg ventures"
VerbIT,$2.00,8/06/2021,United States,New York,Enterprise Tech,"ClalTech, Vertex Ventures, Oryzn Capital"
StarkWare,$8.00,17/11/2021,Israel,Netanya,Enterprise Tech,"Sequoia Capital, Paradigm, Pantera Capital"
Netlify,$2.00,17/11/2021,United States,San Francisco,Enterprise Tech,"Andreessen Horowitz, Kleiner Perkins Caufield & Byers, EQT Ventures"
LTK,$2.00,22/11/2021,United States,Dallas,Media & Entertainment,"SoftBank Group, Maverick Capital"
Trax,$2.00,22/07/2019,Singapore,,Consumer & Retail,"Hopu Investment Management, Boyu Capital, DC Thomson Ventures"
Exotec,$2.00,17/01/2022,France,Croix,Industrials,"Breega Capital, Iris Capital, 360 Capital Partners"
Dremio,$2.00,6/01/2021,United States,Santa Clara,Enterprise Tech,"Lightspeed Venture Partners, Redpoint Ventures, Norwest Venture Partners"
Akulaku,$2.00,15/02/2022,Indonesia,Jakarta,Financial Services,"DCM Ventures, IDG Capital, Siam Commercial Bank"
Cloudinary,$2.00,15/02/2022,United States,Santa Clara,Media & Entertainment,"Blackstone, Bessemer Venture Partners"
Lunar,$2.00,12/07/2021,Denmark,Aarhus,Financial Services,"SEED Capital, Greyhound Capital, Socii Capital"
UpGrad,$2.25,9/08/2021,India,Mumbai,Consumer & Retail,"Qualcomm Ventures, Accel, Canaan Partners"
Salsify,$2.00,13/04/2022,United States,Boston,Consumer & Retail,"Matrix Partners, North Bridge Venture Partners, Venrock"
CertiK,$2.00,31/03/2022,United States,New York,Enterprise Tech,"Tiger Global Management, Lightspeed Venture Partners, Hillhouse Capital Management"
ROX Motor,$2.00,29/04/2022,China,Shanghai,Industrials,"Sequoia Capital China, IDG Capital, Qiming Venture Partners"
Devo Technology,$2.00,26/10/2021,United States,Cambridge,Enterprise Tech,"Insight Partners, Kibo Ventures, Bessemer Venture Partners"
ShiftKey,$2.00,11/01/2023,United States,Dallas,Healthcare & Life Sciences,Health Velocity Capital
Rimac Automobili,$2.00,1/06/2022,Croatia,Sveta Nedelja,Industrials,"Porsche, InvestIndustrial, SoftBank Group"
Geek+,$2.00,21/11/2018,China,Beijing,Industrials,"Volcanics Ventures, Vertex Ventures China, Warburg Pincus"
21.co,$2.00,6/09/2022,United States,New York,Financial Services,"Quiet Ventures, ETFS Capital, Collab+Currency"
Solugen,$2.00,10/09/2021,United States,Houston,Industrials,"Fifty Years Fund, Refactor Capital, Temasek"
